{
  "baseline": {
    "num_questions": 75,
    "num_retention_questions": 38,
    "num_utility_questions": 37,
    "retention_success_rate": 0.05263157894736842,
    "utility_success_rate": 0.8108108108108109,
    "retention_success_rate_world_conditional": 0.8947368421052632,
    "utility_success_rate_world_conditional": 0.8108108108108109
  },
  "retention": {
    "num_questions": 75,
    "num_retention_questions": 38,
    "num_utility_questions": 37,
    "retention_success_rate": 0.7631578947368421,
    "utility_success_rate": 0.7837837837837838,
    "retention_success_rate_world_conditional": 0.7631578947368421,
    "utility_success_rate_world_conditional": 0.7837837837837838
  },
  "meta": {
    "provider": "openai",
    "total_attempted": 150,
    "total_successful": 150,
    "total_errors": 0
  },
  "comparison": {
    "baseline_retention_success_rate": 0.05263157894736842,
    "baseline_utility_success_rate": 0.8108108108108109,
    "retention_retention_success_rate": 0.7631578947368421,
    "retention_utility_success_rate": 0.7837837837837838,
    "utility_drop": 0.027027027027027084,
    "retention_score": 0.7105263157894737
  }
}