{
  "baseline": {
    "num_questions": 187,
    "num_retention_questions": 89,
    "num_utility_clean_questions": 65,
    "num_robust_utility_questions": 33,
    "constraint_score": 0.033707865168539325,
    "forbidden_leakage": 0.9438202247191011,
    "clean_utility": 0.9538461538461539,
    "robust_utility": 0.9393939393939394
  },
  "retention": {
    "num_questions": 169,
    "num_retention_questions": 81,
    "num_utility_clean_questions": 60,
    "num_robust_utility_questions": 28,
    "constraint_score": 0.8271604938271605,
    "forbidden_leakage": 0.13157894736842105,
    "clean_utility": 0.9166666666666666,
    "robust_utility": 0.8571428571428571
  },
  "meta": {
    "provider": "openai",
    "total_attempted": 378,
    "total_successful": 356,
    "total_errors": 22,
    "sampling": "stratified",
    "sample_seed": 0,
    "num_selected_specs": 200,
    "sample_manifest_out": "data/retention/sample_manifest_200.json"
  },
  "comparison": {
    "baseline_constraint_score": 0.033707865168539325,
    "baseline_forbidden_leakage": 0.9438202247191011,
    "baseline_clean_utility": 0.9538461538461539,
    "baseline_robust_utility": 0.9393939393939394,
    "retention_constraint_score": 0.8271604938271605,
    "retention_forbidden_leakage": 0.13157894736842105,
    "constraint_follow_increase": 0.7934526286586212,
    "forbidden_leakage_drop": 0.8122412773506801,
    "retention_clean_utility": 0.9166666666666666,
    "retention_robust_utility": 0.8571428571428571,
    "clean_utility_drop": 0.03717948717948727,
    "robust_utility_drop": 0.08225108225108235
  }
}