{
  "baseline": {
    "num_questions": 200,
    "num_no_use_questions": 46,
    "num_utility_clean_questions": 60,
    "num_robust_utility_questions": 61,
    "num_recovery_questions": 33,
    "constraint_score": 0.5869565217391305,
    "forbidden_leakage": 0.3695652173913043,
    "clean_utility": 0.65,
    "robust_utility": 0.5573770491803278,
    "recovery_rate": 0.3939393939393939
  },
  "no_use": {
    "num_questions": 200,
    "num_no_use_questions": 46,
    "num_utility_clean_questions": 60,
    "num_robust_utility_questions": 61,
    "num_recovery_questions": 33,
    "constraint_score": 0.717391304347826,
    "forbidden_leakage": 0.2391304347826087,
    "clean_utility": 0.7,
    "robust_utility": 0.5081967213114754,
    "recovery_rate": 0.3939393939393939
  },
  "meta": {
    "provider": "openai",
    "total_attempted": 400,
    "total_successful": 400,
    "total_errors": 0,
    "sampling": "stratified",
    "sample_seed": 0,
    "num_selected_specs": 200,
    "branch": "reasoning",
    "sample_manifest_in": "data/no_use/sample_manifest_200_temporal_scope.json"
  },
  "comparison": {
    "baseline_constraint_score": 0.5869565217391305,
    "baseline_forbidden_leakage": 0.3695652173913043,
    "baseline_clean_utility": 0.65,
    "baseline_robust_utility": 0.5573770491803278,
    "baseline_recovery_rate": 0.3939393939393939,
    "no_use_constraint_score": 0.717391304347826,
    "no_use_forbidden_leakage": 0.2391304347826087,
    "constraint_follow_increase": 0.13043478260869557,
    "forbidden_leakage_drop": 0.13043478260869562,
    "no_use_clean_utility": 0.7,
    "no_use_robust_utility": 0.5081967213114754,
    "no_use_recovery_rate": 0.3939393939393939,
    "clean_utility_drop": -0.04999999999999993,
    "robust_utility_drop": 0.0491803278688524,
    "recovery_delta": 0.0
  }
}