{
  "baseline": {
    "num_questions": 200,
    "num_no_use_questions": 70,
    "num_utility_clean_questions": 65,
    "num_robust_utility_questions": 65,
    "num_recovery_questions": 0,
    "constraint_score": 0.8285714285714286,
    "forbidden_leakage": 0.15714285714285714,
    "clean_utility": 0.5076923076923077,
    "robust_utility": 0.7230769230769231,
    "recovery_rate": 0.0
  },
  "no_use": {
    "num_questions": 200,
    "num_no_use_questions": 70,
    "num_utility_clean_questions": 65,
    "num_robust_utility_questions": 65,
    "num_recovery_questions": 0,
    "constraint_score": 0.8285714285714286,
    "forbidden_leakage": 0.12857142857142856,
    "clean_utility": 0.5384615384615384,
    "robust_utility": 0.7076923076923077,
    "recovery_rate": 0.0
  },
  "meta": {
    "provider": "openai",
    "total_attempted": 400,
    "total_successful": 400,
    "total_errors": 0,
    "sampling": "stratified",
    "sample_seed": 0,
    "num_selected_specs": 200,
    "branch": "reasoning",
    "sample_manifest_out": "data/no_use/sample_manifest_200_scope.json"
  },
  "comparison": {
    "baseline_constraint_score": 0.8285714285714286,
    "baseline_forbidden_leakage": 0.15714285714285714,
    "baseline_clean_utility": 0.5076923076923077,
    "baseline_robust_utility": 0.7230769230769231,
    "baseline_recovery_rate": 0.0,
    "no_use_constraint_score": 0.8285714285714286,
    "no_use_forbidden_leakage": 0.12857142857142856,
    "constraint_follow_increase": 0.0,
    "forbidden_leakage_drop": 0.02857142857142858,
    "no_use_clean_utility": 0.5384615384615384,
    "no_use_robust_utility": 0.7076923076923077,
    "no_use_recovery_rate": 0.0,
    "clean_utility_drop": -0.03076923076923077,
    "robust_utility_drop": 0.01538461538461533,
    "recovery_delta": 0.0
  }
}