{
  "baseline": {
    "num_questions": 200,
    "num_no_use_questions": 46,
    "num_utility_clean_questions": 60,
    "num_robust_utility_questions": 61,
    "num_recovery_questions": 33,
    "constraint_score": 0.717391304347826,
    "forbidden_leakage": 0.2608695652173913,
    "clean_utility": 0.6166666666666667,
    "robust_utility": 0.5245901639344263,
    "recovery_rate": 0.24242424242424243
  },
  "no_use": {
    "num_questions": 200,
    "num_no_use_questions": 46,
    "num_utility_clean_questions": 60,
    "num_robust_utility_questions": 61,
    "num_recovery_questions": 33,
    "constraint_score": 0.8043478260869565,
    "forbidden_leakage": 0.15217391304347827,
    "clean_utility": 0.65,
    "robust_utility": 0.4426229508196721,
    "recovery_rate": 0.21212121212121213
  },
  "meta": {
    "provider": "openai",
    "total_attempted": 400,
    "total_successful": 400,
    "total_errors": 0,
    "sampling": "stratified",
    "sample_seed": 0,
    "num_selected_specs": 200,
    "branch": "reasoning",
    "sample_manifest_out": "data/no_use/sample_manifest_200_temporal_scope.json"
  },
  "comparison": {
    "baseline_constraint_score": 0.717391304347826,
    "baseline_forbidden_leakage": 0.2608695652173913,
    "baseline_clean_utility": 0.6166666666666667,
    "baseline_robust_utility": 0.5245901639344263,
    "baseline_recovery_rate": 0.24242424242424243,
    "no_use_constraint_score": 0.8043478260869565,
    "no_use_forbidden_leakage": 0.15217391304347827,
    "constraint_follow_increase": 0.08695652173913049,
    "forbidden_leakage_drop": 0.10869565217391303,
    "no_use_clean_utility": 0.65,
    "no_use_robust_utility": 0.4426229508196721,
    "no_use_recovery_rate": 0.21212121212121213,
    "clean_utility_drop": -0.033333333333333326,
    "robust_utility_drop": 0.08196721311475413,
    "recovery_delta": -0.030303030303030304
  }
}